Script_Name,SHA256_Hash,Last_Modified
__init__.py,F1945CD6C19E56B3C1C78943EF5EC18116907A4CA1EFC40A57D48AB1DB7ADFC5,2026/08/05 22:44:51
add_old_to_pending.py,3809BB79373200EBE6D7F96466DEE3FFF223F99B502BE043A90E2E13613DECF3,2026/08/07 22:32:24
agent_core_pro.py,EF0AB25ED11E97BF63D5E5876797EC92C8EC396A86E88A92163623792810F12C,2026/08/07 22:32:24
agent_core.py,A6A9604551AFE5A054BF96E123FF3D0197F06798E4800001E8B4174D31DC6283,2026/08/07 22:32:24
api_proxy_test.py,8E96BBBA0CF8F58238E947EB2A5F9242E67C3E3D116AFB6C20D38C0E29A88F4A,2026/08/07 22:32:24
api_proxy.py,BF16A71503C59467E60D99816D7610BFA7D85F337CE986761744D1D9377DEA0E,2026/08/07 22:32:24
apply_code_fixes.py,78DD10121A778ABB112897014C451EF97838B9289C79DE295CD1CFB7D7F4BADA,2026/08/06 00:38:32
apply_option_2.py,91E70BCE803B4B0E77A2F4563265460BDB7FE8C7848A141231C2ABB8426FF2CB,2026/08/06 00:38:32
auto_healer.py,879ED3CDA2A22C319EF943BA31D55F85CFF179C1440625EE84A01A460892C09D,2026/08/07 19:17:26
auto_ingest_bot.py,FE60F988C8F3ED5AEA68386C7DCCA553119D18354947E299FFC78C95DE7C582B,2026/08/07 22:32:24
auto_telemetry_debugger.py,49395577CCBC448E8368A4846C5530FBA2AD20BB68195175DD634C7C9E09BBA8,2026/08/06 00:38:32
auto_verify.py,4B4452C9361E808E8146DDD0957FE21F2B7E00FCB4ECCAC0B7F5B36A3CCE4E41,2026/08/07 22:32:24
auto_vision_debugger.py,CBB92DB055959435F77A2E6CCFEBCE5B3E26B48E2FD7F0239ABD88BE93C3D6A9,2026/08/06 00:38:32
backup_manager.py,968E0F657AB39F97B5D5D7D12443BABC5FD89CC38C335FDC0D5D7F1AF1DE3650,2026/08/07 22:32:24
batch_exam_trainer.py,3BC8D37DB1C7846803EDEE77D75A404F3DC0D7676B3FC547956069F738C0E8AD,2026/08/07 22:32:24
batch_local_refiner.py,93F46F89D314C4BDC8A95B5B8AC0725F2795AAB8978127CC041784637E710786,2026/08/06 00:38:32
case_manager.py,63B47787D3D24D6E90028BC1AF3BC46FB5C566DE81BEBDDB7C4019382F194593,2026/08/07 22:32:24
check_190_status.py,6E23E953F22B0D14ACE9E9E18587CA27A60D07D96D1ADC5017DD71E08552B186,2026/08/06 00:38:32
check_backup_status.py,2DA8B24AFA7519BCDB41D162AE6264340FCA50E0E1E3EDD04B067F737F650DC4,2026/08/07 22:32:24
check_ctime_detailed.py,CD2CDED2EB08D09C2AD7C2C5F7782FFDAC625F037CFA5A3E7224709A84E09B87,2026/08/06 00:38:32
check_ctime.py,ABAB169498F9B3A46A21EE84D17DF81FDD6D486F8D89B86FDF1056B80CB9ACF1,2026/08/06 00:38:32
check_manifest_statuses.py,ECCA9AE640CAEF3AD83C2A12BB45EDC22BBC681295CFFCC5E149603D2FE0B16E,2026/08/07 22:32:24
check_manifests.py,F149DC7835590BFB7FCB830517E42B366AD7C7E87357E0EA93ACC8C6C4512AB3,2026/08/07 22:32:24
check_poisoned_chunks.py,7A9F7071618651FAEA6591EFFD8F92D3EDFB9B202DEF6F0A35090BD1D4DDDF24,2026/08/07 22:32:24
check_real_backup_status.py,CDBD1E751BC825CDB0B53FE2689FB2CFE065051EE847BA6F8D1F891066791033,2026/08/06 00:38:32
check_real_stats.py,61B6104F04A0CC740CEE7181B9DBDBBF4C417DF8D4E3128E813BF2EC62230B8D,2026/08/07 22:32:24
check_stuck.py,5DB2B8240B4A58D0B49086541228AC6423E8DCDD32DAB71A1ED69F703184CE8F,2026/08/06 00:38:32
chunk_planner.py,3298CF616721B7F4C1365C5736F6D88406169B4EDBA687C5464DFA9A26E68ECE,2026/08/07 22:32:24
citation_parser.py,EF3F06B84750DC1F98385D7A5F935D2C96CE322614D98AA6365F6BE7CCE303A6,2026/08/06 00:38:32
clean_half_processed_safe.py,C122F66F305CE7A093FA3042CE0C9564C3C44FD7CBC8775BED44C84CDE908839,2026/08/06 00:38:32
clean_half_processed.py,662077B5F0AE077E6F886EF99A4361DE4C999698BDED12F5EC5ECEFFCAA83BEE,2026/08/06 00:38:32
collect_6_samples.py,B9FBA7A5A05BA9CCBFEE32FC6327DBC73D572D62E269FE01AAB97C5EB7C51AF8,2026/08/06 00:38:32
config_loader.py,452E825A961D2C94F41A27BD69A10EAAF7AB462FA90291240B3F2B47473909D3,2026/08/07 22:32:24
create_old_list.py,19883AD54C466D5D34821873E0E8C6793592FCC5A173DC96332BEDF3C7B7E341,2026/08/07 22:32:24
deep_check_backups.py,3DA7EC433D2D68D3821CDA3CFEC53998ED5E1FF6E825ADA83CE437297C22A307,2026/08/06 00:38:32
dump_88_to_json.py,85D13E6775E8ECCF49ED23950DBD27A7876244A70018B7BA73EE930DB3A11EB1,2026/08/06 00:38:32
duplicate_guard.py,226A3CF3F0A7ECDB33537541291049C57923222FE71EDB1479AD2AD91BE4EDC1,2026/08/06 00:38:32
email_notifier.py,5145C135EA4A648BBA4ECCF674ABE59DD802B473F7E26D29BBF322159154AD00,2026/08/06 00:38:32
evaluate.py,402384E1AD68CEA273E9AC5823CFB3DCA2BB1A6B88385AB18CA3E650F3459D0D,2026/08/07 22:32:24
exam_trainer.py,8B41F27798FDD6DACC722F6FC92EFD24134472CA4109987763C08888E5BC0B04,2026/08/07 22:32:24
fake_error_generator.py,B5F21ACB09D4B0E8E3DEE7C35DFC35BE9382D5C62D46853B0D73EE1F571205A3,2026/08/06 00:38:32
file_watcher.py,A69AAF78AB6B0D1B386DD30FF93E98EBF5FD1A2FC31B6FCD012F7C988F9D19D2,2026/08/07 22:32:24
final_check.py,B7D45DA9F82801F295FEF1DB296F44E6ED812E075F497A66B633B3B3EB678874,2026/08/06 00:38:32
fix_encoding.py,4FED8639BA7584E34985219E5421D8EFC6F4CB27D1D1E79E17B9286F264A2A1C,2026/08/06 00:38:32
fix_quotes.py,F010049733582E3699F80F1DBDFE6E1FF17DD815AD3CCFC12F1A7573EB1DDFFA,2026/08/06 00:38:32
fix_stdout.py,8D36C53F688685761F66F6373B529DD6CC2B73FCC0CB7D4DC21E5FB37C9A70F1,2026/08/07 22:32:24
fix_stt.py,8AB322358BFB9879B9AD9974491A97B33591A15CF6ED2DAD4BE265BADA363D85,2026/08/06 00:38:32
generate_432_whitelist.py,443B798E9E1C010D6B398D575570E24EA09F15D20644B1F77265F272007F3A30,2026/08/07 22:32:24
inflight_guard.py,B6B38536E78EFAA10B901CC03758B73CB75C77C856ADFA457BC02B6715A5CC17,2026/08/06 00:38:32
ingest_law_pro.py,1D64AA938734E62A8FED0C4E392B80430FD6E1B85720C486F7F5F67BD98AFFFB,2026/08/07 22:32:24
ingest_law.py,932B6D018134AFBDD0002F30CF8324BF4D74BC5770571398FB89CE6455FD90B1,2026/08/07 22:32:24
ingest.py,12166D97961309A728E834D78FB5F1E2FA3BDCA1DFE68830D8A09B3F4EBB76D7,2026/08/07 22:32:24
key_health_check.py,85E3A5C1397B899D688ED1D9A51068818BB507A35EED8FB40CE2102470136382,2026/08/07 22:32:24
key_manager.py,63AF1BD21C6982879C1CF101A5B9DEB756D76561DA7D1DF3CBE02DCF6AD97104,2026/08/07 22:32:24
kpi_monitor.py,ABFCC9FA52813F844C4B836F514C4C1AF616C13B4DA647678182AABC491DE00F,2026/08/07 22:32:24
law_digester.py,4754EA1FE700CA18671E1789C99823A71AA1C5828408F77F7241E46B9936212F,2026/08/07 22:32:24
law_scraper_cli.py,2308C09E83D8AB6ED6EBD090C530755DE51398F025EAF85214A80A3EDB2AFBAC,2026/08/07 18:25:44
legal_calendar.py,8C4B4C995D19C21E72A426B0C97723DC10A1232B5E6263EA8BFFE174ECE1763A,2026/08/07 22:32:24
legal_voice.py,A92D5D48C0741D40A85CE638D7BCE57571B2282DA24145E1697AD7CFF8482F07,2026/08/07 22:32:24
list_failed_srt.py,70A126007A3B9F11FB466B4C378D930E9EE073EE05D071D808587A4561461E31,2026/08/06 00:38:33
list_perfect.py,63AFCBCF05A4D40CA1ABC4A27A28C226466196D42FA957F61418A74663901AA9,2026/08/06 00:38:33
list_processed.py,3A9EDB7F3FFE853FBE01E0D1A8DF091E7C841A24AD1F4FF47E7458BC5BCE50C9,2026/08/07 22:32:24
llm_gateway.py,024B4142D230D3FE4EBE1042E009A773358C6A26CA3E4F6C1F2B5E0FAD5157BA,2026/08/06 00:38:33
local_chunk_refiner.py,AA2C96143F16EAD534193FC8D607A0C03BB8CE454C53D9B11B2490DB1132AF45,2026/08/07 22:32:24
manifest_manager.py,FDEDECE89317A3C708F2E64B88B618F12935AE07E3ACF1C8C1B36822D47A218F,2026/08/07 22:32:24
markdown_formatter.py,C2B0AEC7DEC89F804E0A695B58C212E0F7A9F5D8DA68307C61B4934658374F97,2026/08/07 19:17:26
match_backups_by_content.py,4FE3316D9F43394F92841452925539B2464CFA120F76D3E04CD23F31C532160B,2026/08/07 22:32:24
match_by_time.py,ED8D18A9A7B822A5BB8766F9E647245A865BFF8B1FC2BD73D32F66D11423CCB6,2026/08/07 22:32:24
merge_transcript.py,48A75C41A16E51BA1DDA3BC201AB76792044BC622E2DCA40737F4619F25A18A3,2026/08/07 22:32:24
metrics.py,79E1A958450EFD50D5F9475420CD1D14B84F92692569D235F90BF349D67769A5,2026/08/06 00:38:33
model_evaluator_loop.py,9847D9DF1E928DFC8AD8C9D5EDF1C9745B2AEE8266E1B56B37B3E0CB164F946A,2026/08/07 22:32:24
model_router.py,A15B4704B512623467AC9B0AC6C9370F572B20DFD466BE04551E79C18B4008DD,2026/08/07 22:32:24
monitor_progress.py,5F8CEF4CF03AB193A620CB557C83CD20AA5A2A3328F0B517974CB9D017383A45,2026/08/07 22:32:24
monitoring_utils.py,9B895A0EE07554FA45623E139ADC32D30131B13D720533E7EDC5EF257862D7B4,2026/08/07 22:32:24
multimodal_input.py,35A961A493932B507794BD8F305D4FBC77F5AEE09151995C6B2BD954AD991314,2026/08/07 22:32:24
multimodal_processor.py,098FFFCAD93D3BCFF79F38FB7E7E938DECDE3303D7129B71EA1B9DED8D6104E9,2026/08/07 22:32:24
national_exam_rules.py,C932C20085F6F5F749C04C774C31A169E49276106A174435201AD8B7DDBA609D,2026/08/07 22:32:24
obsidian_ragflow_sync.py,A3BB9B5198DCFAACFFB9BC04142E835FAF197D694127E1259D97DAEDED3192F3,2026/08/07 22:32:24
ollama_router.py,515F5B1395389346B22ED4176D1D7DD1072C0B1277C5A0BC4F6E3FB01EFB42E7,2026/08/07 22:32:24
out.py,E3B0C44298FC1C149AFBF4C8996FB92427AE41E4649B934CA495991B7852B855,2026/08/03 15:34:02
preprocess_media.py,E660F2E8E32CE78F3B78876B91ADCD3568F2CBCBA0C00A8BB49D29153732C144,2026/08/07 22:32:24
process_multimodal_file.py,C98F1FFB8F8B7B6083DC602FF1144475AC44711A3086EBD3B24FB9A1AF008DDC,2026/08/07 22:32:24
progress_dashboard.py,A5341362A44FAA91913E976AF96F7F6998BDAD330326A30E3A289D69D5FC0A54,2026/08/07 22:32:24
quota_manager.py,F3DA12F171A5E884E312A0F81DFB69D0C06D24176A0E13AE47336783A18084DC,2026/08/06 00:38:33
refactor_manifest.py,D26F9DF494D71874A1AA27A36A1BB7D8C72DB4281D5A303ECDB39BD63C75519A,2026/08/06 00:38:33
register_startup.py,F9A5629E3D12A8F4D079A4AA9EB58E05FB337551E84E064E45E49468059F1F30,2026/08/07 22:32:24
reindex_all.py,BF2A2306D81DAC574968F39F6DDABF630873DBAC6092BB4BD2229A1314E2BA55,2026/08/07 22:32:24
reindex_intel_vault.py,487C67BCB64E4B40D58C8B7AD5237E56ABF89D5369B7573FE13F9FC888327425,2026/08/07 22:32:24
reset_88_courses.py,8084FCCA5CC2B7127C3447A610A94AF49FE5EF14CD85BF376AF1E81C4EE0BA9E,2026/08/06 00:38:33
reset_poisoned_chunks.py,6574887C6FF2C4DC99BA14014E04F40D5D91E6B345F5EFF8A2A2EE944C0EA19C,2026/08/07 22:32:24
restore_0kb_srt_tasks.py,C282DF706FB8B40E2DD5A6C3CCCADA6E0BBBDFD5C6A23EBA8A8E7D239283BA84,2026/08/07 22:32:24
restore_chunks.py,481B6220868891AA32D3B8157A760E929BBF171ADE577D39E0FDB7E4679C7959,2026/08/07 22:32:24
restore_markdown.py,A10A4C496192A84E75F918421824A9128AC0A36457BF92BC8D1FCC44A11FF6F5,2026/08/06 00:38:33
run_batch_local_refiner.py,86E5C4E7E62D948F175D6266BAF64DE01523024B0C7380BD2138408A684CFAA6,2026/08/07 22:32:24
run_local_agent.py,66092545C3D1CBD5A05D51AF178F22E15CEA35144BB32FC3E151EC3B47E9ED31,2026/08/06 00:38:33
run_workflow.py,392F61EF4668814D468A929A3450902CE47BDCD7596D0D2FE83B84D3C35F3822,2026/08/07 22:32:24
sandbox_real_vertex_test.py,39676211EBDA20BAB83E2EF551A1BBBD866809EF3903C8EFB24F7D531A89E336,2026/08/06 00:38:33
sandbox_test_quota_manager.py,B0105F61FBEC52A6F4259EF2869A9E56EAA42210A033CB216C70B26B3ED66BAD,2026/08/07 22:32:24
sandbox_test_routing.py,E8B935AD114B0D943221780894B9BD5183800E44F2B8DA1E1DBB085DB67EA038,2026/08/07 22:32:24
sandbox_test_strategy_matrix.py,96E4443979345E254AAE6C3618031726177994AEBA291BB54A14F9270BDD9D8C,2026/08/06 00:38:33
sandbox_test_vault.py,664DE9E6D91D229153FA7B20DFE5193EF28BEBDA31DD6EDB939E54C9E519BA40,2026/08/06 00:38:33
setup_wizard.py,17D9F52E4D2E884148F386BED219E33CDF73A20C16BEB37F2490487FA5104C25,2026/08/07 18:40:39
sre_watchdog.py,DF4614C9A0ADC0F361D317BE80F075C9811E6EAB121CB6E021037383449B528D,2026/08/07 19:17:26
stt_runner.py,4A8396623FB8ACE3EEE2A073E0BBD38B2697457ECAA8D37570D15CB169354244,2026/08/07 22:32:24
test_distill.py,2DFE2730FF742AB9F718FC352362CE0FC6C024DB0E3622AFA375CFCD76043072,2026/08/07 22:32:24
test_duplicate.py,E15CF02FB746E0D815295EBDDAE5A358319DA469FFB3F138AF34CA4D3F0B86CD,2026/08/06 00:38:33
test_eval.py,38F88B08FD18F5A81BFE0868DA568308051A50A61B6C035D0CA8426655E16D5B,2026/08/06 00:38:33
test_keys_one_by_one.py,1F09F4CAAF6C4FC8960B4A5FB832589D7DC0E36CC514B2361246DAC8A4D0CC9E,2026/08/07 22:32:24
test_run_workflow.py,3BEE0F96A96270AE7F494E39B4A7B7B348BABF2879D463F9696988B4AFB5F28A,2026/08/07 22:32:24
test_setup_wizard.py,7B0E0D0BD58DEA2B451CA237156AA6098B9D0E42273EF68E8F31E7C5FD9B4457,2026/08/07 22:32:24
test_status.py,01F3FFDE3E2AF1BB554B740F3F2E61CAA613D2AA60640AF7C83918D17F463C9F,2026/08/06 00:38:33
test_stt.py,46D0B8578CD74690D8CADC80120AF6D8B5A38863B8B247C19C07BB4B77063DBA,2026/08/07 22:32:24
test_v6_pipeline.py,5A70C8F2268D666FB58F9CD505BF485FBCEF1EB5295B97AF339F31C31356CA18,2026/08/06 00:38:33
test_vertex_disabled.py,5C57571A6158B85711F4A54AB25A075A27556E93ED147C8CFABE00D15212C17A,2026/08/06 00:38:33
test-1.py,0E2F36962C90ABAB4C91054776426AAFA46A80F1A9ED3BCF92673473D6FE9EE5,2026/08/06 00:38:33
vault.py,72BAE7439B9BC90B4146D35579D195659F751BAB3B80A59D5114EB27E48334AD,2026/08/07 22:32:24
verify_healthy_srt.py,4A7E6D051C298DF2962C7C0668FC1A4FCFFBB8310E849D86E623EAC24B1C5AD3,2026/08/07 22:32:24
verify_keys.py,33FC5993E1EACFBD8E24F7DFDB0091F8A209C1A0C322F69EDA6EE914B1B93ABF,2026/08/07 22:32:24
verify_workflow_health.py,4D9F81F07FB50E5B84D7558298D186D109D8EC4CFCABBCBDDB880566AE6C8078,2026/08/07 22:32:24
visual_analyzer.py,9ABDB7C18B70143CE4DF0AB14E1EEA66E6D1354627CE99911A373610688EAAD5,2026/08/07 22:32:24
watchdog_monitor.py,D9D0ACFC641E83E339DD928A2676420EB0D0F7B95EF775B1A072EA4F8E4A00F5,2026/08/07 19:17:26
watchdog.py,293CC1064BC85A8A2DBC81F9E7B38C757D039FD427CA368DB379549501C7E242,2026/08/07 22:32:24
web_dashboard.py,E1288BC27B7F991BCC93F4B8F27CDD2982E817D2496C2A4D191641E22BD9806B,2026/08/07 22:32:24
whisper_pool.py,D3BF2265D38013B833243989C2E38E7E1A3B0B725D92322ED1C1B6E874778903,2026/08/07 22:32:24
workflow_helper.py,E3D7718B4F06DC60EA93B6A8C6BBD590A83E5C38EBF5882A59C0037C359ED730,2026/08/07 22:32:24

