"File","Path","SHA256"
"LexMind_一鍵正式啟動.ps1","C:\LocalAI_Workstation\LexMind_一鍵正式啟動.ps1","F1111F98206DB97EA2508F63411E2B330BF88A8F4A462A6621B78FB95FB92ED3"
"LexMind_一鍵完全關閉系統.ps1","C:\LocalAI_Workstation\LexMind_一鍵完全關閉系統.ps1","EF80AF2F98A68427EC2B38551C0551622F472A00E10EE3EE18F307E421F6ED13"
"config.toml","C:\LocalAI_Workstation\.streamlit\config.toml","FD8B67ED9C7103D49804A30563B03AA346377201D3B6806508BA0F987BF542BE"
"run_workflow.py","C:\LocalAI_Workstation\scripts_v6\run_workflow.py","24B674415FAE685A1378F44B96E48C1D062E63C907B0E97DF09DD6BFCEB01C1D"
"app_v6.py","C:\LocalAI_Workstation\app_v6.py","5412028F9D84425CB3BF1E150D1401CD3F8626E6DB15183330402B29F863277D"
"Launch_Isolated.vbs","C:\LocalAI_Workstation\Launch_Isolated.vbs","7C123A68882FBA17C17F09AF4D2A34D3E50D7ED708ED78A9FF270DF4D1C88FBF"
"kpi_runner.ps1","C:\LocalAI_Workstation\kpi_runner.ps1","EF55F07348D9AC865B96387BA6373E54525F59F6495A09A04A50DA10665DD29C"
"progress_dashboard.py","C:\LocalAI_Workstation\scripts_v6\progress_dashboard.py","A9E89539411600A7CC706905A9CE9CFFDA18E1B1278F8F693D87C88F9FDEC7B8"
"auto_gui_debugger.py","C:\LocalAI_Workstation\scripts_v6\auto_gui_debugger.py","8D65E9F975F50D33CCB242C9989340DCE5C706659B6A1C94FD60A94073E1AABF"
